version=1.0
/yahoo_site_admin/admin home pageGuid.home.001 1
/home/admin home pageGuid.home.001 1
/services/admin services pageGuid.services.001 2
/about_us/admin about_us pageGuid.about.001 1
/contact_us/admin contact_us pageGuid.contact.001 2
/tracking tracking pageGuid.tracking.025 1
/form_builder/admin form_builder pageGuid.form_builder.002 1
/audio/admin basic_audio_page pageGuid.basic_audio_page.003 1
/video/admin basic_video_page pageGuid.basic_video_page.004 1
/featured_video/admin featured_video_page pageGuid.featured_video_page.005 1
/beforenafter/admin beforenafter pageGuid.beforenafter.006 1
/gallerythumbnail/admin gallery_thumbnail pageGuid.gallery_thumbnail.007 1
/_ySmbWs/welcome_back/admin ySmbWs_welcome_back pageGuid.ySmbWs_welcome_back.008 2
/_ySmbWs/paypal/admin ySmbWs_paypal pageGuid.ySmbWs_paypal.009 2
/_ySmbWs/embed_video/admin ySmbWs_embed_video pageGuid.ySmbWs_embed_video.010 1
/_ySmbWs/form_builder/admin ySmbWs_form_builder pageGuid.ySmbWs_form_builder.011 1
/_ySmbWs/interview/admin ySmbWs_interview pageGuid.ySmbWs_interview.012 2
/_ySmbWs/site_pages/admin ySmbWs_site_pages pageGuid.ySmbWs_site_pages.013 5
/_ySmbWs/site_settings/admin ySmbWs_site_settings pageGuid.ySmbWs_site_settings.014 3
/_ySmbWs/page_settings/admin ySmbWs_page_settings pageGuid.ySmbWs_page_settings.015 2
/_ySmbWs/uploader/admin ySmbWs_uploader pageGuid.ySmbWs_uploader.016 4
/_ySmbWs/tasks/admin ySmbWs_tasks pageGuid.ySmbWs_tasks.017 2
/_ySmbWs/developer_network/admin ySmbWs_developer_network pageGuid.ySmbWs_developer_network.018 1
/_ySmbWs/rte/admin ySmbWs_rte pageGuid.ySmbWs_rte.019 2
/_ySmbWs/add_feed/admin ySmbWs_add_feed pageGuid.ySmbWs_add_feed.020 2
/_ySmbWs/save/admin ySmbWs_save pageGuid.ySmbWs_save.021 2
/_ySmbWs/spellcheck ySmbWs_spellcheck pageGuid.ySmbWs_spellcheck.022 1
/_ySmbWs/themes/admin ySmbWs_themes pageGuid.ySmbWs_themes.023 4
/_ySmbWs/widgets/admin ySmbWs_widget_gallery pageGuid.ySmbWs_widget_gallery.024 1
/tracking tracking pageGuid.tracking.025 1
/_ySmbWs/signout signout pageGuid.signout.026 1
/_ySmbWs/signin/admin ySmbWs_signin pageGuid.ySmbWs_signin.027 1
/_ySmbWs/publish/admin ySmbWs_publish pageGuid.ySmbWs_publish.028 3
/_ySmbWs/unittests/admin unittests pageGuid.unittests.029 2
/_ySmbWs/test ySmbWs_unit_test pageGuid.ySmbWs_unit_test.030 2
